Handle,Title,Body (HTML),Vendor,Product Category,Type,Tags,Published,Option1 Name,Option1 Value,Option2 Name,Option2 Value,Variant SKU,Variant Grams,Variant Inventory Tracker,Variant Inventory Qty,Variant Inventory Policy,Variant Fulfillment Service,Variant Price,Variant Compare At Price,Variant Requires Shipping,Variant Taxable,Variant Barcode,Image Src,Image Position,Image Alt Text,Gift Card,SEO Title,SEO Description,Google Shopping / Google Product Category,Google Shopping / Gender,Google Shopping / Age Group,Google Shopping / Condition,Variant Image,Variant Weight Unit,Status
ruffle-a-line-dress-2240872,Ruffle A-Line Dress,"<p><strong>Color:</strong> Brown</p><p><strong>Available Sizes:</strong> XS, S, M, L, XL, XXL</p><p>Stylish <strong>Ruffle A-Line Dress</strong>. A must-have for every wardrobe — perfect for parties, evenings out, and special occasions.</p><p>✓ 7 days easy return &amp; exchange<br/>✓ Free shipping available<br/>✓ Delivery in 3-10 days<br/>✓ Cash on delivery available</p>",,Apparel & Accessories > Clothing > Dresses,Dress,"dress, fashion, brown, a-line, ruffle",TRUE,Size,XS,Color,Brown,RUFFLEALIN-BROWN-XS,300,shopify,100,deny,manual,1431,1590,TRUE,TRUE,,https://img201.savana.com/goods-pic/8396db9eaf4b467090348e5935e32994_w1440_q90,1,Ruffle A-Line Dress,FALSE,Ruffle A-Line Dress,"Buy Ruffle A-Line Dress (Brown). Available in sizes XS, S, M, L, XL, XXL. Free shipping, easy returns, delivery in 3-10 days.",Apparel & Accessories > Clothing > Dresses,Female,Adult,new,https://img201.savana.com/goods-pic/8396db9eaf4b467090348e5935e32994_w1440_q90,kg,active
ruffle-a-line-dress-2240872,,,,,,,,,S,,Brown,RUFFLEALIN-BROWN-S,300,shopify,100,deny,manual,1431,1590,TRUE,TRUE,,,,,,,,,,,,,kg,
ruffle-a-line-dress-2240872,,,,,,,,,M,,Brown,RUFFLEALIN-BROWN-M,300,shopify,100,deny,manual,1431,1590,TRUE,TRUE,,,,,,,,,,,,,kg,
ruffle-a-line-dress-2240872,,,,,,,,,L,,Brown,RUFFLEALIN-BROWN-L,300,shopify,100,deny,manual,1431,1590,TRUE,TRUE,,,,,,,,,,,,,kg,
ruffle-a-line-dress-2240872,,,,,,,,,XL,,Brown,RUFFLEALIN-BROWN-XL,300,shopify,100,deny,manual,1431,1590,TRUE,TRUE,,,,,,,,,,,,,kg,
ruffle-a-line-dress-2240872,,,,,,,,,XXL,,Brown,RUFFLEALIN-BROWN-XXL,300,shopify,100,deny,manual,1431,1590,TRUE,TRUE,,,,,,,,,,,,,kg,
ruffle-a-line-dress-2240872,,,,,,,,,,,,,,,,,,,,,,,https://img201.savana.com/goods-pic/8b49a61d02d843d8b992646d33151025_w1440_q90,2,Ruffle A-Line Dress - View 2,,,,,,,,,,
ruffle-a-line-dress-2240872,,,,,,,,,,,,,,,,,,,,,,,https://img201.savana.com/goods-pic/76e0e1dd18494fe093e17a603b35ec4b_w1440_q90,3,Ruffle A-Line Dress - View 3,,,,,,,,,,
ruffle-a-line-dress-2240872,,,,,,,,,,,,,,,,,,,,,,,https://img201.savana.com/goods-pic/61725cb72e554ab1890f6246db0ec8ee_w1440_q90,4,Ruffle A-Line Dress - View 4,,,,,,,,,,
lace-up-a-line-dress-2204632,Lace Up A-Line Dress,"<p><strong>Color:</strong> Burgundy</p><p><strong>Available Sizes:</strong> XS, S, M, L, XL, XXL</p><p>Stylish <strong>Lace Up A-Line Dress</strong>. A must-have for every wardrobe — perfect for parties, evenings out, and special occasions.</p><p>✓ 7 days easy return &amp; exchange<br/>✓ Free shipping available<br/>✓ Delivery in 3-10 days<br/>✓ Cash on delivery available</p>",,Apparel & Accessories > Clothing > Dresses,Dress,"dress, fashion, burgundy, a-line, lace",TRUE,Size,XS,Color,Burgundy,LACEUPALIN-BURGU-XS,300,shopify,100,deny,manual,1117,1490,TRUE,TRUE,,https://img201.savana.com/goods-pic/5d4eff2dd36c47d59f5a48340227cfb6_w1440_q90,1,Lace Up A-Line Dress,FALSE,Lace Up A-Line Dress,"Buy Lace Up A-Line Dress (Burgundy). Available in sizes XS, S, M, L, XL, XXL. Free shipping, easy returns, delivery in 3-10 days.",Apparel & Accessories > Clothing > Dresses,Female,Adult,new,https://img201.savana.com/goods-pic/5d4eff2dd36c47d59f5a48340227cfb6_w1440_q90,kg,active
lace-up-a-line-dress-2204632,,,,,,,,,S,,Burgundy,LACEUPALIN-BURGU-S,300,shopify,100,deny,manual,1117,1490,TRUE,TRUE,,,,,,,,,,,,,kg,
lace-up-a-line-dress-2204632,,,,,,,,,M,,Burgundy,LACEUPALIN-BURGU-M,300,shopify,100,deny,manual,1117,1490,TRUE,TRUE,,,,,,,,,,,,,kg,
lace-up-a-line-dress-2204632,,,,,,,,,L,,Burgundy,LACEUPALIN-BURGU-L,300,shopify,100,deny,manual,1117,1490,TRUE,TRUE,,,,,,,,,,,,,kg,
lace-up-a-line-dress-2204632,,,,,,,,,XL,,Burgundy,LACEUPALIN-BURGU-XL,300,shopify,100,deny,manual,1117,1490,TRUE,TRUE,,,,,,,,,,,,,kg,
lace-up-a-line-dress-2204632,,,,,,,,,XXL,,Burgundy,LACEUPALIN-BURGU-XXL,300,shopify,100,deny,manual,1117,1490,TRUE,TRUE,,,,,,,,,,,,,kg,
lace-up-a-line-dress-2204632,,,,,,,,,,,,,,,,,,,,,,,https://img201.savana.com/goods-pic/61fa759cbdee43efbb5527b85f8c89e6_w1440_q90,2,Lace Up A-Line Dress - View 2,,,,,,,,,,
lace-up-a-line-dress-2204632,,,,,,,,,,,,,,,,,,,,,,,https://img201.savana.com/goods-pic/451192ff05c24fac8cd26f84a42fdaa7_w1440_q90,3,Lace Up A-Line Dress - View 3,,,,,,,,,,
lace-up-a-line-dress-2204632,,,,,,,,,,,,,,,,,,,,,,,https://img201.savana.com/goods-pic/b02a671b6cd045f6ab270bef174cb94a_w1440_q90,4,Lace Up A-Line Dress - View 4,,,,,,,,,,
lace-up-a-line-dress-2204632,,,,,,,,,,,,,,,,,,,,,,,https://img201.savana.com/goods-pic/5c373ebec2074614aae0d93ce87dee09_w1440_q90,5,Lace Up A-Line Dress - View 5,,,,,,,,,,
lace-up-a-line-dress-2204632,,,,,,,,,,,,,,,,,,,,,,,https://img201.savana.com/goods-pic/d41e296d677a481da13377d043ca9876_w1440_q90,6,Lace Up A-Line Dress - View 6,,,,,,,,,,
lace-up-a-line-dress-2204632,,,,,,,,,,,,,,,,,,,,,,,https://img201.savana.com/goods-pic/ab6a0302e3164268a7181c655b74e39e_w1440_q90,7,Lace Up A-Line Dress - View 7,,,,,,,,,,
lace-up-a-line-dress-2204632,,,,,,,,,,,,,,,,,,,,,,,https://img201.savana.com/goods-pic/686b45a2b7ce4fa8be8fa76abaa71ce2_w1440_q90,8,Lace Up A-Line Dress - View 8,,,,,,,,,,
lace-up-a-line-dress-2204632,,,,,,,,,,,,,,,,,,,,,,,https://img201.savana.com/goods-pic/0eb2c0f1a4fb48dc9e4feb11f27edaec_w1440_q90,9,Lace Up A-Line Dress - View 9,,,,,,,,,,
lace-up-a-line-dress-2204632,,,,,,,,,,,,,,,,,,,,,,,https://img201.savana.com/goods-pic/5f148bd846d14002b6b7aafbbbe0b315_w1440_q90,10,Lace Up A-Line Dress - View 10,,,,,,,,,,
tie-up-a-line-dress-2233122,Tie Up A-Line Dress,"<p><strong>Color:</strong> Red</p><p><strong>Available Sizes:</strong> XS, S, M, L, XL, XXL</p><p>Stylish <strong>Tie Up A-Line Dress</strong>. A must-have for every wardrobe — perfect for parties, evenings out, and special occasions.</p><p>✓ 7 days easy return &amp; exchange<br/>✓ Free shipping available<br/>✓ Delivery in 3-10 days<br/>✓ Cash on delivery available</p>",,Apparel & Accessories > Clothing > Dresses,Dress,"dress, fashion, red, a-line",TRUE,Size,XS,Color,Red,TIEUPALINE-RED-XS,300,shopify,100,deny,manual,1690,,TRUE,TRUE,,https://img201.savana.com/goods-pic/f4e3d11d1b7549e6907dc07f07381d2f_w1440_q90,1,Tie Up A-Line Dress,FALSE,Tie Up A-Line Dress,"Buy Tie Up A-Line Dress (Red). Available in sizes XS, S, M, L, XL, XXL. Free shipping, easy returns, delivery in 3-10 days.",Apparel & Accessories > Clothing > Dresses,Female,Adult,new,https://img201.savana.com/goods-pic/f4e3d11d1b7549e6907dc07f07381d2f_w1440_q90,kg,active
tie-up-a-line-dress-2233122,,,,,,,,,S,,Red,TIEUPALINE-RED-S,300,shopify,100,deny,manual,1690,,TRUE,TRUE,,,,,,,,,,,,,kg,
tie-up-a-line-dress-2233122,,,,,,,,,M,,Red,TIEUPALINE-RED-M,300,shopify,100,deny,manual,1690,,TRUE,TRUE,,,,,,,,,,,,,kg,
tie-up-a-line-dress-2233122,,,,,,,,,L,,Red,TIEUPALINE-RED-L,300,shopify,100,deny,manual,1690,,TRUE,TRUE,,,,,,,,,,,,,kg,
tie-up-a-line-dress-2233122,,,,,,,,,XL,,Red,TIEUPALINE-RED-XL,300,shopify,100,deny,manual,1690,,TRUE,TRUE,,,,,,,,,,,,,kg,
tie-up-a-line-dress-2233122,,,,,,,,,XXL,,Red,TIEUPALINE-RED-XXL,300,shopify,100,deny,manual,1690,,TRUE,TRUE,,,,,,,,,,,,,kg,
tie-up-a-line-dress-2233122,,,,,,,,,,,,,,,,,,,,,,,https://img201.savana.com/goods-pic/cc0bc55109224579aa116a71c447f188_w1440_q90,2,Tie Up A-Line Dress - View 2,,,,,,,,,,
tie-up-a-line-dress-2233122,,,,,,,,,,,,,,,,,,,,,,,https://img201.savana.com/goods-pic/f6fc5e3740ee49a4840c99d671606a55_w1440_q90,3,Tie Up A-Line Dress - View 3,,,,,,,,,,
tie-up-a-line-dress-2233122,,,,,,,,,,,,,,,,,,,,,,,https://img201.savana.com/goods-pic/828f35320bc14cfea690ae940c07732d_w1440_q90,4,Tie Up A-Line Dress - View 4,,,,,,,,,,
tie-up-a-line-dress-2233122,,,,,,,,,,,,,,,,,,,,,,,https://img201.savana.com/goods-pic/84685b5a4d804c74b0c7ac2b4f5dd91d_w1440_q90,5,Tie Up A-Line Dress - View 5,,,,,,,,,,
backless-bodycon-dress-2181862,Backless Bodycon Dress,"<p><strong>Color:</strong> Navy</p><p><strong>Available Sizes:</strong> XS, S, M, L, XL, XXL</p><p>Stylish <strong>Backless Bodycon Dress</strong>. A must-have for every wardrobe — perfect for parties, evenings out, and special occasions.</p><p>✓ 7 days easy return &amp; exchange<br/>✓ Free shipping available<br/>✓ Delivery in 3-10 days<br/>✓ Cash on delivery available</p>",,Apparel & Accessories > Clothing > Dresses,Dress,"dress, fashion, navy, bodycon, backless",TRUE,Size,XS,Color,Navy,BACKLESSBO-NAVY-XS,300,shopify,100,deny,manual,1490,,TRUE,TRUE,,https://img201.savana.com/goods-pic/d6906a40c3924744a0981f28440af504_w1440_q90,1,Backless Bodycon Dress,FALSE,Backless Bodycon Dress,"Buy Backless Bodycon Dress (Navy). Available in sizes XS, S, M, L, XL, XXL. Free shipping, easy returns, delivery in 3-10 days.",Apparel & Accessories > Clothing > Dresses,Female,Adult,new,https://img201.savana.com/goods-pic/d6906a40c3924744a0981f28440af504_w1440_q90,kg,active
backless-bodycon-dress-2181862,,,,,,,,,S,,Navy,BACKLESSBO-NAVY-S,300,shopify,100,deny,manual,1490,,TRUE,TRUE,,,,,,,,,,,,,kg,
backless-bodycon-dress-2181862,,,,,,,,,M,,Navy,BACKLESSBO-NAVY-M,300,shopify,100,deny,manual,1490,,TRUE,TRUE,,,,,,,,,,,,,kg,
backless-bodycon-dress-2181862,,,,,,,,,L,,Navy,BACKLESSBO-NAVY-L,300,shopify,100,deny,manual,1490,,TRUE,TRUE,,,,,,,,,,,,,kg,
backless-bodycon-dress-2181862,,,,,,,,,XL,,Navy,BACKLESSBO-NAVY-XL,300,shopify,100,deny,manual,1490,,TRUE,TRUE,,,,,,,,,,,,,kg,
backless-bodycon-dress-2181862,,,,,,,,,XXL,,Navy,BACKLESSBO-NAVY-XXL,300,shopify,100,deny,manual,1490,,TRUE,TRUE,,,,,,,,,,,,,kg,
backless-bodycon-dress-2181862,,,,,,,,,,,,,,,,,,,,,,,https://img201.savana.com/goods-pic/486197a9dfa745ad84b6a6b0bcb3fe10_w1440_q90,2,Backless Bodycon Dress - View 2,,,,,,,,,,
backless-bodycon-dress-2181862,,,,,,,,,,,,,,,,,,,,,,,https://img201.savana.com/goods-pic/cdc1726223c747009f0c38dcbe31cf07_w1440_q90,3,Backless Bodycon Dress - View 3,,,,,,,,,,
backless-bodycon-dress-2181862,,,,,,,,,,,,,,,,,,,,,,,https://img201.savana.com/goods-pic/799e54ce8d0247c68cc18dfa860c2860_w1440_q90,4,Backless Bodycon Dress - View 4,,,,,,,,,,
backless-bodycon-dress-2181862,,,,,,,,,,,,,,,,,,,,,,,https://img201.savana.com/goods-pic/701abfbb25ae46409cee97b59ba7334a_w1440_q90,5,Backless Bodycon Dress - View 5,,,,,,,,,,
shimmer-cocktail-dress-1497222,Shimmer Cocktail Dress,"<p><strong>Color:</strong> Champagne</p><p><strong>Available Sizes:</strong> XS, S, M, L, XL, XXL</p><p>Stylish <strong>Shimmer Cocktail Dress</strong>. A must-have for every wardrobe — perfect for parties, evenings out, and special occasions.</p><p>✓ 7 days easy return &amp; exchange<br/>✓ Free shipping available<br/>✓ Delivery in 3-10 days<br/>✓ Cash on delivery available</p>",,Apparel & Accessories > Clothing > Dresses,Dress,"dress, fashion, champagne, cocktail",TRUE,Size,XS,Color,Champagne,SHIMMERCOC-CHAMP-XS,300,shopify,100,deny,manual,1590,,TRUE,TRUE,,https://img201.savana.com/goods-pic/6859f92fbf3143c0abb5a8f6f0966271_w1440_q90,1,Shimmer Cocktail Dress,FALSE,Shimmer Cocktail Dress,"Buy Shimmer Cocktail Dress (Champagne). Available in sizes XS, S, M, L, XL, XXL. Free shipping, easy returns, delivery in 3-10 days.",Apparel & Accessories > Clothing > Dresses,Female,Adult,new,https://img201.savana.com/goods-pic/6859f92fbf3143c0abb5a8f6f0966271_w1440_q90,kg,active
shimmer-cocktail-dress-1497222,,,,,,,,,S,,Champagne,SHIMMERCOC-CHAMP-S,300,shopify,100,deny,manual,1590,,TRUE,TRUE,,,,,,,,,,,,,kg,
shimmer-cocktail-dress-1497222,,,,,,,,,M,,Champagne,SHIMMERCOC-CHAMP-M,300,shopify,100,deny,manual,1590,,TRUE,TRUE,,,,,,,,,,,,,kg,
shimmer-cocktail-dress-1497222,,,,,,,,,L,,Champagne,SHIMMERCOC-CHAMP-L,300,shopify,100,deny,manual,1590,,TRUE,TRUE,,,,,,,,,,,,,kg,
shimmer-cocktail-dress-1497222,,,,,,,,,XL,,Champagne,SHIMMERCOC-CHAMP-XL,300,shopify,100,deny,manual,1590,,TRUE,TRUE,,,,,,,,,,,,,kg,
shimmer-cocktail-dress-1497222,,,,,,,,,XXL,,Champagne,SHIMMERCOC-CHAMP-XXL,300,shopify,100,deny,manual,1590,,TRUE,TRUE,,,,,,,,,,,,,kg,
shimmer-cocktail-dress-1497222,,,,,,,,,,,,,,,,,,,,,,,https://img201.savana.com/goods-pic/68ed341ede9844d5b2584d04ac642a7c_w1440_q90,2,Shimmer Cocktail Dress - View 2,,,,,,,,,,
shimmer-cocktail-dress-1497222,,,,,,,,,,,,,,,,,,,,,,,https://img201.savana.com/goods-pic/93fe2807564c46338ce8d730f57721e2_w1440_q90,3,Shimmer Cocktail Dress - View 3,,,,,,,,,,
shimmer-cocktail-dress-1497222,,,,,,,,,,,,,,,,,,,,,,,https://img201.savana.com/goods-pic/baf3bae2119249bc80d2a0631e351026_w1440_q90,4,Shimmer Cocktail Dress - View 4,,,,,,,,,,
shimmer-cocktail-dress-1497222,,,,,,,,,,,,,,,,,,,,,,,https://img201.savana.com/goods-pic/db0eefcacd5447299988ffe6ecc6e779_w1440_q90,5,Shimmer Cocktail Dress - View 5,,,,,,,,,,
shimmer-cocktail-dress-1497222,,,,,,,,,,,,,,,,,,,,,,,https://img201.savana.com/goods-pic/8f3b9e1634c94949af2cdd6a21f5a52b_w1440_q90,6,Shimmer Cocktail Dress - View 6,,,,,,,,,,
shimmer-cocktail-dress-1497222,,,,,,,,,,,,,,,,,,,,,,,https://img201.savana.com/goods-pic/43ba4f3c6ed84edfaabab1cdbd5885f6_w1440_q90,7,Shimmer Cocktail Dress - View 7,,,,,,,,,,
shimmer-cocktail-dress-1497222,,,,,,,,,,,,,,,,,,,,,,,https://img201.savana.com/goods-pic/54225346ddd94f608d7680034273708e_w1440_q90,8,Shimmer Cocktail Dress - View 8,,,,,,,,,,
shimmer-cocktail-dress-1497222,,,,,,,,,,,,,,,,,,,,,,,https://img201.savana.com/goods-pic/fabd943ea84c462a829b890115375ade_w1440_q90,9,Shimmer Cocktail Dress - View 9,,,,,,,,,,
shimmer-cocktail-dress-1497222,,,,,,,,,,,,,,,,,,,,,,,https://img201.savana.com/goods-pic/81b8e5b5128b4e8c90580127bc0a33de_w1440_q90,10,Shimmer Cocktail Dress - View 10,,,,,,,,,,
button-shirt-dress-2283552,Button Shirt Dress,"<p><strong>Color:</strong> Apricot</p><p><strong>Available Sizes:</strong> XS, S, M, L, XL, XXL</p><p>Stylish <strong>Button Shirt Dress</strong>. A must-have for every wardrobe — perfect for parties, evenings out, and special occasions.</p><p>✓ 7 days easy return &amp; exchange<br/>✓ Free shipping available<br/>✓ Delivery in 3-10 days<br/>✓ Cash on delivery available</p>",,Apparel & Accessories > Clothing > Dresses,Dress,"dress, fashion, apricot",TRUE,Size,XS,Color,Apricot,BUTTONSHIR-APRIC-XS,300,shopify,100,deny,manual,1690,,TRUE,TRUE,,https://img201.savana.com/goods-pic/ab2c8b0a18fe4825a0a9c196f23512f7_w1440_q90,1,Button Shirt Dress,FALSE,Button Shirt Dress,"Buy Button Shirt Dress (Apricot). Available in sizes XS, S, M, L, XL, XXL. Free shipping, easy returns, delivery in 3-10 days.",Apparel & Accessories > Clothing > Dresses,Female,Adult,new,https://img201.savana.com/goods-pic/ab2c8b0a18fe4825a0a9c196f23512f7_w1440_q90,kg,active
button-shirt-dress-2283552,,,,,,,,,S,,Apricot,BUTTONSHIR-APRIC-S,300,shopify,100,deny,manual,1690,,TRUE,TRUE,,,,,,,,,,,,,kg,
button-shirt-dress-2283552,,,,,,,,,M,,Apricot,BUTTONSHIR-APRIC-M,300,shopify,100,deny,manual,1690,,TRUE,TRUE,,,,,,,,,,,,,kg,
button-shirt-dress-2283552,,,,,,,,,L,,Apricot,BUTTONSHIR-APRIC-L,300,shopify,100,deny,manual,1690,,TRUE,TRUE,,,,,,,,,,,,,kg,
button-shirt-dress-2283552,,,,,,,,,XL,,Apricot,BUTTONSHIR-APRIC-XL,300,shopify,100,deny,manual,1690,,TRUE,TRUE,,,,,,,,,,,,,kg,
button-shirt-dress-2283552,,,,,,,,,XXL,,Apricot,BUTTONSHIR-APRIC-XXL,300,shopify,100,deny,manual,1690,,TRUE,TRUE,,,,,,,,,,,,,kg,
button-shirt-dress-2283552,,,,,,,,,,,,,,,,,,,,,,,https://img201.savana.com/goods-pic/11f24e268d364f8dab74c160248c65ba_w1440_q90,2,Button Shirt Dress - View 2,,,,,,,,,,
button-shirt-dress-2283552,,,,,,,,,,,,,,,,,,,,,,,https://img201.savana.com/goods-pic/50d6e55b19d44022bc6128c6ef1f7be1_w1440_q90,3,Button Shirt Dress - View 3,,,,,,,,,,
button-shirt-dress-2283552,,,,,,,,,,,,,,,,,,,,,,,https://img201.savana.com/goods-pic/c3e65a5e3d3f4e07bd027615c99d71ea_w1440_q90,4,Button Shirt Dress - View 4,,,,,,,,,,
button-shirt-dress-2283552,,,,,,,,,,,,,,,,,,,,,,,https://img201.savana.com/goods-pic/34be863837774bb19b68db4346116f5d_w1440_q90,5,Button Shirt Dress - View 5,,,,,,,,,,
button-shirt-dress-2283552,,,,,,,,,,,,,,,,,,,,,,,https://img201.savana.com/goods-pic/8d9be4a4100541408b66f22558b8f31f_w1440_q90,6,Button Shirt Dress - View 6,,,,,,,,,,
button-shirt-dress-2283552,,,,,,,,,,,,,,,,,,,,,,,https://img201.savana.com/goods-pic/b0119abcc8664da58997437f76b2587f_w1440_q90,7,Button Shirt Dress - View 7,,,,,,,,,,
button-shirt-dress-2283552,,,,,,,,,,,,,,,,,,,,,,,https://img201.savana.com/goods-pic/a01a5f8be4174c7e88e724da853162cf_w1440_q90,8,Button Shirt Dress - View 8,,,,,,,,,,
bow-a-line-dress-2279382,Bow A-Line Dress,"<p><strong>Color:</strong> Beige</p><p><strong>Available Sizes:</strong> XS, S, M, L, XL, XXL</p><p>Stylish <strong>Bow A-Line Dress</strong>. A must-have for every wardrobe — perfect for parties, evenings out, and special occasions.</p><p>✓ 7 days easy return &amp; exchange<br/>✓ Free shipping available<br/>✓ Delivery in 3-10 days<br/>✓ Cash on delivery available</p>",,Apparel & Accessories > Clothing > Dresses,Dress,"dress, fashion, beige, a-line",TRUE,Size,XS,Color,Beige,BOWALINEDR-BEIGE-XS,300,shopify,100,deny,manual,1592,1990,TRUE,TRUE,,https://img201.savana.com/goods-pic/3c38d36ac5304cb88e8a60bc87716b1a_w1440_q90,1,Bow A-Line Dress,FALSE,Bow A-Line Dress,"Buy Bow A-Line Dress (Beige). Available in sizes XS, S, M, L, XL, XXL. Free shipping, easy returns, delivery in 3-10 days.",Apparel & Accessories > Clothing > Dresses,Female,Adult,new,https://img201.savana.com/goods-pic/3c38d36ac5304cb88e8a60bc87716b1a_w1440_q90,kg,active
bow-a-line-dress-2279382,,,,,,,,,S,,Beige,BOWALINEDR-BEIGE-S,300,shopify,100,deny,manual,1592,1990,TRUE,TRUE,,,,,,,,,,,,,kg,
bow-a-line-dress-2279382,,,,,,,,,M,,Beige,BOWALINEDR-BEIGE-M,300,shopify,100,deny,manual,1592,1990,TRUE,TRUE,,,,,,,,,,,,,kg,
bow-a-line-dress-2279382,,,,,,,,,L,,Beige,BOWALINEDR-BEIGE-L,300,shopify,100,deny,manual,1592,1990,TRUE,TRUE,,,,,,,,,,,,,kg,
bow-a-line-dress-2279382,,,,,,,,,XL,,Beige,BOWALINEDR-BEIGE-XL,300,shopify,100,deny,manual,1592,1990,TRUE,TRUE,,,,,,,,,,,,,kg,
bow-a-line-dress-2279382,,,,,,,,,XXL,,Beige,BOWALINEDR-BEIGE-XXL,300,shopify,100,deny,manual,1592,1990,TRUE,TRUE,,,,,,,,,,,,,kg,
bow-a-line-dress-2279382,,,,,,,,,,,,,,,,,,,,,,,https://img201.savana.com/goods-pic/2ab53427744c497eabf85232e0affd3a_w1440_q90,2,Bow A-Line Dress - View 2,,,,,,,,,,
bow-a-line-dress-2279382,,,,,,,,,,,,,,,,,,,,,,,https://img201.savana.com/goods-pic/05fb5559ba5e420d8367b8156489c392_w1440_q90,3,Bow A-Line Dress - View 3,,,,,,,,,,
bow-a-line-dress-2279382,,,,,,,,,,,,,,,,,,,,,,,https://img201.savana.com/goods-pic/1106093a96434baea05f1d87ec99db03_w1440_q90,4,Bow A-Line Dress - View 4,,,,,,,,,,
bow-a-line-dress-2279382,,,,,,,,,,,,,,,,,,,,,,,https://img201.savana.com/goods-pic/ffabf78a2f0a4509938124a1d25ec544_w1440_q90,5,Bow A-Line Dress - View 5,,,,,,,,,,
gathered-cocktail-dress-2247852,Gathered Cocktail Dress,"<p><strong>Color:</strong> Light Yellow</p><p><strong>Available Sizes:</strong> XS, S, M, L, XL, XXL</p><p>Stylish <strong>Gathered Cocktail Dress</strong>. A must-have for every wardrobe — perfect for parties, evenings out, and special occasions.</p><p>✓ 7 days easy return &amp; exchange<br/>✓ Free shipping available<br/>✓ Delivery in 3-10 days<br/>✓ Cash on delivery available</p>",,Apparel & Accessories > Clothing > Dresses,Dress,"dress, fashion, light-yellow, cocktail",TRUE,Size,XS,Color,Light Yellow,GATHEREDCO-LIGHT-XS,300,shopify,100,deny,manual,1521,1690,TRUE,TRUE,,https://img201.savana.com/goods-pic/3b244c07ee3f48d995f3bfe7c0650828_w1440_q90,1,Gathered Cocktail Dress,FALSE,Gathered Cocktail Dress,"Buy Gathered Cocktail Dress (Light Yellow). Available in sizes XS, S, M, L, XL, XXL. Free shipping, easy returns, delivery in 3-10 days.",Apparel & Accessories > Clothing > Dresses,Female,Adult,new,https://img201.savana.com/goods-pic/3b244c07ee3f48d995f3bfe7c0650828_w1440_q90,kg,active
gathered-cocktail-dress-2247852,,,,,,,,,S,,Light Yellow,GATHEREDCO-LIGHT-S,300,shopify,100,deny,manual,1521,1690,TRUE,TRUE,,,,,,,,,,,,,kg,
gathered-cocktail-dress-2247852,,,,,,,,,M,,Light Yellow,GATHEREDCO-LIGHT-M,300,shopify,100,deny,manual,1521,1690,TRUE,TRUE,,,,,,,,,,,,,kg,
gathered-cocktail-dress-2247852,,,,,,,,,L,,Light Yellow,GATHEREDCO-LIGHT-L,300,shopify,100,deny,manual,1521,1690,TRUE,TRUE,,,,,,,,,,,,,kg,
gathered-cocktail-dress-2247852,,,,,,,,,XL,,Light Yellow,GATHEREDCO-LIGHT-XL,300,shopify,100,deny,manual,1521,1690,TRUE,TRUE,,,,,,,,,,,,,kg,
gathered-cocktail-dress-2247852,,,,,,,,,XXL,,Light Yellow,GATHEREDCO-LIGHT-XXL,300,shopify,100,deny,manual,1521,1690,TRUE,TRUE,,,,,,,,,,,,,kg,
gathered-cocktail-dress-2247852,,,,,,,,,,,,,,,,,,,,,,,https://img201.savana.com/goods-pic/bf3206f5c08f48a09e304f33511aa925_w1440_q90,2,Gathered Cocktail Dress - View 2,,,,,,,,,,
gathered-cocktail-dress-2247852,,,,,,,,,,,,,,,,,,,,,,,https://img201.savana.com/goods-pic/1f86c0f7b9874c13b765635fe1250e43_w1440_q90,3,Gathered Cocktail Dress - View 3,,,,,,,,,,
gathered-cocktail-dress-2247852,,,,,,,,,,,,,,,,,,,,,,,https://img201.savana.com/goods-pic/98f27e1615534a01a2ac6ec26587e3fb_w1440_q90,4,Gathered Cocktail Dress - View 4,,,,,,,,,,
gathered-cocktail-dress-2247852,,,,,,,,,,,,,,,,,,,,,,,https://img201.savana.com/goods-pic/a87dce4009a7441fab9767b1f813e90c_w1440_q90,5,Gathered Cocktail Dress - View 5,,,,,,,,,,
sheer-bodycon-dress-2085742,Sheer Bodycon Dress,"<p><strong>Color:</strong> Black</p><p><strong>Available Sizes:</strong> XS, S, M, L, XL, XXL</p><p>Stylish <strong>Sheer Bodycon Dress</strong>. A must-have for every wardrobe — perfect for parties, evenings out, and special occasions.</p><p>✓ 7 days easy return &amp; exchange<br/>✓ Free shipping available<br/>✓ Delivery in 3-10 days<br/>✓ Cash on delivery available</p>",,Apparel & Accessories > Clothing > Dresses,Dress,"dress, fashion, black, bodycon, sheer",TRUE,Size,XS,Color,Black,SHEERBODYC-BLACK-XS,300,shopify,100,deny,manual,1112,1390,TRUE,TRUE,,https://img201.savana.com/goods-pic/ec194a8796f641c5bb028ba248a48c70_w1440_q90,1,Sheer Bodycon Dress,FALSE,Sheer Bodycon Dress,"Buy Sheer Bodycon Dress (Black). Available in sizes XS, S, M, L, XL, XXL. Free shipping, easy returns, delivery in 3-10 days.",Apparel & Accessories > Clothing > Dresses,Female,Adult,new,https://img201.savana.com/goods-pic/ec194a8796f641c5bb028ba248a48c70_w1440_q90,kg,active
sheer-bodycon-dress-2085742,,,,,,,,,S,,Black,SHEERBODYC-BLACK-S,300,shopify,100,deny,manual,1112,1390,TRUE,TRUE,,,,,,,,,,,,,kg,
sheer-bodycon-dress-2085742,,,,,,,,,M,,Black,SHEERBODYC-BLACK-M,300,shopify,100,deny,manual,1112,1390,TRUE,TRUE,,,,,,,,,,,,,kg,
sheer-bodycon-dress-2085742,,,,,,,,,L,,Black,SHEERBODYC-BLACK-L,300,shopify,100,deny,manual,1112,1390,TRUE,TRUE,,,,,,,,,,,,,kg,
sheer-bodycon-dress-2085742,,,,,,,,,XL,,Black,SHEERBODYC-BLACK-XL,300,shopify,100,deny,manual,1112,1390,TRUE,TRUE,,,,,,,,,,,,,kg,
sheer-bodycon-dress-2085742,,,,,,,,,XXL,,Black,SHEERBODYC-BLACK-XXL,300,shopify,100,deny,manual,1112,1390,TRUE,TRUE,,,,,,,,,,,,,kg,
sheer-bodycon-dress-2085742,,,,,,,,,,,,,,,,,,,,,,,https://img201.savana.com/goods-pic/08d14cf54fed463788b24e0864898fe8_w1440_q90,2,Sheer Bodycon Dress - View 2,,,,,,,,,,
sheer-bodycon-dress-2085742,,,,,,,,,,,,,,,,,,,,,,,https://img201.savana.com/goods-pic/417802a8dcd44a528fa3d14a659728d1_w1440_q90,3,Sheer Bodycon Dress - View 3,,,,,,,,,,
sheer-bodycon-dress-2085742,,,,,,,,,,,,,,,,,,,,,,,https://img201.savana.com/goods-pic/9cfa58278597401488e5c3296e301b0d_w1440_q90,4,Sheer Bodycon Dress - View 4,,,,,,,,,,
sheer-bodycon-dress-2085742,,,,,,,,,,,,,,,,,,,,,,,https://img201.savana.com/goods-pic/a8de6c67fb6449ab8da55e78bc30f162_w1440_q90,5,Sheer Bodycon Dress - View 5,,,,,,,,,,
backless-a-line-dress-2204932,Backless A-Line Dress,"<p><strong>Color:</strong> Light Yellow</p><p><strong>Available Sizes:</strong> XS, S, M, L, XL, XXL</p><p>Stylish <strong>Backless A-Line Dress</strong>. A must-have for every wardrobe — perfect for parties, evenings out, and special occasions.</p><p>✓ 7 days easy return &amp; exchange<br/>✓ Free shipping available<br/>✓ Delivery in 3-10 days<br/>✓ Cash on delivery available</p>",,Apparel & Accessories > Clothing > Dresses,Dress,"dress, fashion, light-yellow, a-line, backless",TRUE,Size,XS,Color,Light Yellow,BACKLESSAL-LIGHT-XS,300,shopify,100,deny,manual,1272,1590,TRUE,TRUE,,https://img201.savana.com/goods-pic/022c74bf732a4dbbb6fd0e09b0af69ed_w1440_q90,1,Backless A-Line Dress,FALSE,Backless A-Line Dress,"Buy Backless A-Line Dress (Light Yellow). Available in sizes XS, S, M, L, XL, XXL. Free shipping, easy returns, delivery in 3-10 days.",Apparel & Accessories > Clothing > Dresses,Female,Adult,new,https://img201.savana.com/goods-pic/022c74bf732a4dbbb6fd0e09b0af69ed_w1440_q90,kg,active
backless-a-line-dress-2204932,,,,,,,,,S,,Light Yellow,BACKLESSAL-LIGHT-S,300,shopify,100,deny,manual,1272,1590,TRUE,TRUE,,,,,,,,,,,,,kg,
backless-a-line-dress-2204932,,,,,,,,,M,,Light Yellow,BACKLESSAL-LIGHT-M,300,shopify,100,deny,manual,1272,1590,TRUE,TRUE,,,,,,,,,,,,,kg,
backless-a-line-dress-2204932,,,,,,,,,L,,Light Yellow,BACKLESSAL-LIGHT-L,300,shopify,100,deny,manual,1272,1590,TRUE,TRUE,,,,,,,,,,,,,kg,
backless-a-line-dress-2204932,,,,,,,,,XL,,Light Yellow,BACKLESSAL-LIGHT-XL,300,shopify,100,deny,manual,1272,1590,TRUE,TRUE,,,,,,,,,,,,,kg,
backless-a-line-dress-2204932,,,,,,,,,XXL,,Light Yellow,BACKLESSAL-LIGHT-XXL,300,shopify,100,deny,manual,1272,1590,TRUE,TRUE,,,,,,,,,,,,,kg,
backless-a-line-dress-2204932,,,,,,,,,,,,,,,,,,,,,,,https://img201.savana.com/goods-pic/fe591e36c284407b9ea37b5c02ea7d84_w1440_q90,2,Backless A-Line Dress - View 2,,,,,,,,,,
backless-a-line-dress-2204932,,,,,,,,,,,,,,,,,,,,,,,https://img201.savana.com/goods-pic/96ef7fd9650b4bdca329c8d1fb297928_w1440_q90,3,Backless A-Line Dress - View 3,,,,,,,,,,
backless-a-line-dress-2204932,,,,,,,,,,,,,,,,,,,,,,,https://img201.savana.com/goods-pic/d4eec4d6957048ceacb5a10c8306b0a5_w1440_q90,4,Backless A-Line Dress - View 4,,,,,,,,,,
backless-a-line-dress-2204932,,,,,,,,,,,,,,,,,,,,,,,https://img201.savana.com/goods-pic/cbb0ea7c0cfa4ad596bd8dd5ee38b202_w1440_q90,5,Backless A-Line Dress - View 5,,,,,,,,,,
backless-a-line-dress-2204932,,,,,,,,,,,,,,,,,,,,,,,https://img201.savana.com/goods-pic/823abb8038e14ec4931e9ba61c12fbca_w1440_q90,6,Backless A-Line Dress - View 6,,,,,,,,,,
backless-a-line-dress-2204932,,,,,,,,,,,,,,,,,,,,,,,https://img201.savana.com/goods-pic/57d89314b80f488bbf2e595071c56614_w1440_q90,7,Backless A-Line Dress - View 7,,,,,,,,,,
backless-a-line-dress-2204932,,,,,,,,,,,,,,,,,,,,,,,https://img201.savana.com/goods-pic/b72b341d04e845fe9429005167653e06_w1440_q90,8,Backless A-Line Dress - View 8,,,,,,,,,,
backless-a-line-dress-2204932,,,,,,,,,,,,,,,,,,,,,,,https://img201.savana.com/goods-pic/b22fdeeccbf046ba91f312c4da9293a1_w1440_q90,9,Backless A-Line Dress - View 9,,,,,,,,,,
backless-a-line-dress-2204932,,,,,,,,,,,,,,,,,,,,,,,https://img201.savana.com/goods-pic/a1736410b4ca4760aab2a154957540ae_w1440_q90,10,Backless A-Line Dress - View 10,,,,,,,,,,
sheer-cocktail-dress-2256092,Sheer Cocktail Dress,"<p><strong>Color:</strong> Burgundy</p><p><strong>Available Sizes:</strong> XS, S, M, L, XL, XXL</p><p>Stylish <strong>Sheer Cocktail Dress</strong>. A must-have for every wardrobe — perfect for parties, evenings out, and special occasions.</p><p>✓ 7 days easy return &amp; exchange<br/>✓ Free shipping available<br/>✓ Delivery in 3-10 days<br/>✓ Cash on delivery available</p>",,Apparel & Accessories > Clothing > Dresses,Dress,"dress, fashion, burgundy, cocktail, sheer",TRUE,Size,XS,Color,Burgundy,SHEERCOCKT-BURGU-XS,300,shopify,100,deny,manual,1436,1690,TRUE,TRUE,,https://img201.savana.com/goods-pic/ee6758a4f7b94205b18de5982a05c026_w1440_q90,1,Sheer Cocktail Dress,FALSE,Sheer Cocktail Dress,"Buy Sheer Cocktail Dress (Burgundy). Available in sizes XS, S, M, L, XL, XXL. Free shipping, easy returns, delivery in 3-10 days.",Apparel & Accessories > Clothing > Dresses,Female,Adult,new,https://img201.savana.com/goods-pic/ee6758a4f7b94205b18de5982a05c026_w1440_q90,kg,active
sheer-cocktail-dress-2256092,,,,,,,,,S,,Burgundy,SHEERCOCKT-BURGU-S,300,shopify,100,deny,manual,1436,1690,TRUE,TRUE,,,,,,,,,,,,,kg,
sheer-cocktail-dress-2256092,,,,,,,,,M,,Burgundy,SHEERCOCKT-BURGU-M,300,shopify,100,deny,manual,1436,1690,TRUE,TRUE,,,,,,,,,,,,,kg,
sheer-cocktail-dress-2256092,,,,,,,,,L,,Burgundy,SHEERCOCKT-BURGU-L,300,shopify,100,deny,manual,1436,1690,TRUE,TRUE,,,,,,,,,,,,,kg,
sheer-cocktail-dress-2256092,,,,,,,,,XL,,Burgundy,SHEERCOCKT-BURGU-XL,300,shopify,100,deny,manual,1436,1690,TRUE,TRUE,,,,,,,,,,,,,kg,
sheer-cocktail-dress-2256092,,,,,,,,,XXL,,Burgundy,SHEERCOCKT-BURGU-XXL,300,shopify,100,deny,manual,1436,1690,TRUE,TRUE,,,,,,,,,,,,,kg,
sheer-cocktail-dress-2256092,,,,,,,,,,,,,,,,,,,,,,,https://img201.savana.com/goods-pic/3ac66ff513ca4d91aa369196b4c7dae4_w1440_q90,2,Sheer Cocktail Dress - View 2,,,,,,,,,,
sheer-cocktail-dress-2256092,,,,,,,,,,,,,,,,,,,,,,,https://img201.savana.com/goods-pic/75d909eaa5464eaab735eaa6a4a08d96_w1440_q90,3,Sheer Cocktail Dress - View 3,,,,,,,,,,
sheer-cocktail-dress-2256092,,,,,,,,,,,,,,,,,,,,,,,https://img201.savana.com/goods-pic/328a8c254ee945e9835b9f54496bbabb_w1440_q90,4,Sheer Cocktail Dress - View 4,,,,,,,,,,
sheer-cocktail-dress-2256092,,,,,,,,,,,,,,,,,,,,,,,https://img201.savana.com/goods-pic/318e5de2c4e947c29e95c76740c73b39_w1440_q90,5,Sheer Cocktail Dress - View 5,,,,,,,,,,
sheer-cocktail-dress-2256092,,,,,,,,,,,,,,,,,,,,,,,https://img201.savana.com/goods-pic/c38f954d7db64cee8e33839a82629dc1_w1440_q90,6,Sheer Cocktail Dress - View 6,,,,,,,,,,
sheer-cocktail-dress-2256092,,,,,,,,,,,,,,,,,,,,,,,https://img201.savana.com/goods-pic/55e4169fa5614aaeb4c39c4a50597da9_w1440_q90,7,Sheer Cocktail Dress - View 7,,,,,,,,,,
sheer-cocktail-dress-2256092,,,,,,,,,,,,,,,,,,,,,,,https://img201.savana.com/goods-pic/3a49dc121c09433c8cc2d2bdd4f6a477_w1440_q90,8,Sheer Cocktail Dress - View 8,,,,,,,,,,
sheer-cocktail-dress-2256092,,,,,,,,,,,,,,,,,,,,,,,https://img201.savana.com/goods-pic/e436a6c06453421d93afa4f7931b6e86_w1440_q90,9,Sheer Cocktail Dress - View 9,,,,,,,,,,
sheer-cocktail-dress-2256092,,,,,,,,,,,,,,,,,,,,,,,https://img201.savana.com/goods-pic/c442be45c1944aa1881e374ec3d345da_w1440_q90,10,Sheer Cocktail Dress - View 10,,,,,,,,,,
sheer-a-line-dress-2319832,Sheer A-Line Dress,"<p><strong>Color:</strong> Pink</p><p><strong>Available Sizes:</strong> XS, S, M, L, XL, XXL</p><p>Stylish <strong>Sheer A-Line Dress</strong>. A must-have for every wardrobe — perfect for parties, evenings out, and special occasions.</p><p>✓ 7 days easy return &amp; exchange<br/>✓ Free shipping available<br/>✓ Delivery in 3-10 days<br/>✓ Cash on delivery available</p>",,Apparel & Accessories > Clothing > Dresses,Dress,"dress, fashion, pink, a-line, sheer",TRUE,Size,XS,Color,Pink,SHEERALINE-PINK-XS,300,shopify,100,deny,manual,1490,,TRUE,TRUE,,https://img201.savana.com/goods-pic/56a7f7d501ca446983b110869a109155_w1440_q90,1,Sheer A-Line Dress,FALSE,Sheer A-Line Dress,"Buy Sheer A-Line Dress (Pink). Available in sizes XS, S, M, L, XL, XXL. Free shipping, easy returns, delivery in 3-10 days.",Apparel & Accessories > Clothing > Dresses,Female,Adult,new,https://img201.savana.com/goods-pic/56a7f7d501ca446983b110869a109155_w1440_q90,kg,active
sheer-a-line-dress-2319832,,,,,,,,,S,,Pink,SHEERALINE-PINK-S,300,shopify,100,deny,manual,1490,,TRUE,TRUE,,,,,,,,,,,,,kg,
sheer-a-line-dress-2319832,,,,,,,,,M,,Pink,SHEERALINE-PINK-M,300,shopify,100,deny,manual,1490,,TRUE,TRUE,,,,,,,,,,,,,kg,
sheer-a-line-dress-2319832,,,,,,,,,L,,Pink,SHEERALINE-PINK-L,300,shopify,100,deny,manual,1490,,TRUE,TRUE,,,,,,,,,,,,,kg,
sheer-a-line-dress-2319832,,,,,,,,,XL,,Pink,SHEERALINE-PINK-XL,300,shopify,100,deny,manual,1490,,TRUE,TRUE,,,,,,,,,,,,,kg,
sheer-a-line-dress-2319832,,,,,,,,,XXL,,Pink,SHEERALINE-PINK-XXL,300,shopify,100,deny,manual,1490,,TRUE,TRUE,,,,,,,,,,,,,kg,
sheer-a-line-dress-2319832,,,,,,,,,,,,,,,,,,,,,,,https://img201.savana.com/goods-pic/c4a51dbf05c6482389ae644fa7ea699b_w1440_q90,2,Sheer A-Line Dress - View 2,,,,,,,,,,
sheer-a-line-dress-2319832,,,,,,,,,,,,,,,,,,,,,,,https://img201.savana.com/goods-pic/50d4d35bca10499c8db22f10ed37f76b_w1440_q90,3,Sheer A-Line Dress - View 3,,,,,,,,,,
sheer-a-line-dress-2319832,,,,,,,,,,,,,,,,,,,,,,,https://img201.savana.com/goods-pic/0b68ed2b9adb40c0b01b9dd2a82ceb19_w1440_q90,4,Sheer A-Line Dress - View 4,,,,,,,,,,
sheer-a-line-dress-2319832,,,,,,,,,,,,,,,,,,,,,,,https://img201.savana.com/goods-pic/677cd68df7f0421a9f1a48b33e9e0772_w1440_q90,5,Sheer A-Line Dress - View 5,,,,,,,,,,
ruffle-bodycon-dress-1955962,Ruffle Bodycon Dress,"<p><strong>Color:</strong> Beige</p><p><strong>Available Sizes:</strong> XS, S, M, L, XL, XXL</p><p>Stylish <strong>Ruffle Bodycon Dress</strong>. A must-have for every wardrobe — perfect for parties, evenings out, and special occasions.</p><p>✓ 7 days easy return &amp; exchange<br/>✓ Free shipping available<br/>✓ Delivery in 3-10 days<br/>✓ Cash on delivery available</p>",,Apparel & Accessories > Clothing > Dresses,Dress,"dress, fashion, beige, bodycon, ruffle",TRUE,Size,XS,Color,Beige,RUFFLEBODY-BEIGE-XS,300,shopify,100,deny,manual,1341,1490,TRUE,TRUE,,https://img201.savana.com/goods-pic/a67db3244ae4432783d0df84b5016ced_w1440_q90,1,Ruffle Bodycon Dress,FALSE,Ruffle Bodycon Dress,"Buy Ruffle Bodycon Dress (Beige). Available in sizes XS, S, M, L, XL, XXL. Free shipping, easy returns, delivery in 3-10 days.",Apparel & Accessories > Clothing > Dresses,Female,Adult,new,https://img201.savana.com/goods-pic/a67db3244ae4432783d0df84b5016ced_w1440_q90,kg,active
ruffle-bodycon-dress-1955962,,,,,,,,,S,,Beige,RUFFLEBODY-BEIGE-S,300,shopify,100,deny,manual,1341,1490,TRUE,TRUE,,,,.... (truncated)
